Country Name,Income Group,WHO Region ,population total 2022,"Birth rate, crude per 1000 2021",Expected births,Expected number of clubfoot cases - 1.24,Expected number of clubfoot cases - regional 
Afghanistan,Low income,Eastern Mediterranean,41128771,35.842,1474137.41,1827.930389,1739.482144
Burkina Faso,Low income,Africa,22673762,35.541,805848.1752,999.2517373,1055.66111
Burundi,Low income,Africa,12889576,34.842,449098.607,556.8822727,588.3191752
Central African Republic,Low income,Africa,5579144,42.68,238117.8659,295.2661537,311.9344044
Chad,Low income,Africa,17723315,43.357,768429.7685,952.8529129,1006.642997
"Congo, Dem. Rep.",Low income,Africa,99010212,42.049,4163280.404,5162.467701,5453.89733
Eritrea,Low income,Africa,3684032,28.624,105451.732,130.7601476,138.1417689
Ethiopia,Low income,Africa,123379924,32.383,3995412.079,4954.310978,5233.989823
"Gambia, The",Low income,Africa,2705992,33.257,89993.17594,111.5915382,117.8910605
Guinea,Low income,Africa,13859341,34.425,477107.8139,591.6136893,625.0112362
Guinea-Bissau,Low income,Africa,2105566,31.087,65455.73024,81.1651055,85.74700662
"Korea, Dem. People's Rep.",Low income,Western Pacific,26069416,13.24,345159.0678,427.9972441,296.8367983
Liberia,Low income,Africa,5302681,31.287,165904.9804,205.7221758,217.3355244
Madagascar,Low income,Africa,29611714,30.949,916452.9366,1136.401641,1200.553347
Malawi,Low income,Africa,20405317,32.859,670498.3113,831.417906,878.3527878
Mali,Low income,Africa,22593590,41.643,940864.8684,1166.672437,1232.532978
Mozambique,Low income,Africa,32969518,36.598,1206618.42,1496.206841,1580.67013
Niger,Low income,Africa,26207977,45.293,1187037.902,1471.926999,1555.019652
Rwanda,Low income,Africa,13776698,29.976,412970.2992,512.0831711,540.991092
Sierra Leone,Low income,Africa,8605718,31.36,269875.3165,334.6453924,353.5366646
Somalia,Low income,Eastern Mediterranean,17597511,43.561,766565.1767,950.5408191,904.5469085
South Sudan,Low income,Africa,10913164,29.107,317649.4645,393.885336,416.1207986
Sudan,Low income,Eastern Mediterranean,46874204,33.596,1574785.758,1952.734339,1858.247194
Syrian Arab Republic,Low income,Eastern Mediterranean,22125249,20.111,444960.8826,551.7514945,525.0538415
Togo,Low income,Africa,8848699,31.856,281884.1553,349.5363526,369.2682435
Uganda,Low income,Africa,47249585,36.795,1738548.48,2155.800115,2277.498509
"Yemen, Rep.",Low income,Eastern Mediterranean,33696614,30.544,1029229.378,1276.244429,1214.490666
Zambia,Low income,Africa,20017675,34.511,690829.9819,856.6291776,904.9872763
Algeria,Lower middle income,Africa,44903225,21.524,966497.0149,1198.456298,1266.11109
Angola,Lower middle income,Africa,35588987,38.809,1381172.996,1712.654516,1809.336625
Bangladesh,Lower middle income,South-East Asia,171186372,17.821,3050712.335,3782.883296,5491.282204
Benin,Lower middle income,Africa,13352864,36.608,488821.6453,606.1388402,640.3563554
Bhutan,Lower middle income,South-East Asia,782455,12.482,9766.60331,12.1105881,17.57988596
Bolivia,Lower middle income,Americas,12224110,21.836,266925.666,330.9878258,304.2952592
Cabo Verde,Lower middle income,Africa,593149,16.951,10054.4687,12.46754119,13.171354
Cambodia,Lower middle income,Western Pacific,16767842,19.334,324189.4572,401.994927,278.8029332
Cameroon,Lower middle income,Africa,27914536,34.938,975278.0588,1209.344793,1277.614257
Comoros,Lower middle income,Africa,836774,29.398,24599.48205,30.50335774,32.22532149
"Congo, Rep.",Lower middle income,Africa,5970424,30.691,183238.283,227.2154709,240.0421507
Cote d'Ivoire,Lower middle income,Africa,28160542,33.934,955599.8322,1184.943792,1251.83578
Djibouti,Lower middle income,Eastern Mediterranean,1120849,22.205,24888.45205,30.86168054,29.36837341
"Egypt, Arab Rep.",Lower middle income,Eastern Mediterranean,110990103,22.558,2503714.743,3104.606282,2954.383397
El Salvador,Lower middle income,Americas,6336392,16.025,101540.6818,125.9104454,115.7563773
Eswatini,Lower middle income,Africa,1201670,24.134,29001.10378,35.96136869,37.99144595
Ghana,Lower middle income,Africa,33475870,27.548,922193.2668,1143.519651,1208.073179
Haiti,Lower middle income,Americas,11584996,23.498,272224.236,337.5580526,310.335629
Honduras,Lower middle income,Americas,10432860,21.071,219830.7931,272.5901834,250.6071041
India,Lower middle income,South-East Asia,1417173173,16.419,23268566.33,28853.02225,41883.41939
Indonesia,Lower middle income,South-East Asia,275501339,16.425,4525109.493,5611.135771,8145.197088
"Iran, Islamic Rep.",Lower middle income,Eastern Mediterranean,88550570,13.699,1213054.258,1504.18728,1431.404025
Kenya,Lower middle income,Africa,54027487,27.685,1495750.978,1854.731212,1959.433781
Kiribati,Lower middle income,Western Pacific,131232,27.207,3570.429024,4.42733199,3.070568961
Kyrgyz Republic,Lower middle income,Eastern Mediterranean,6974900,22.4,156237.76,193.7348224,184.3605568
Lao PDR,Lower middle income,South-East Asia,7529475,21.973,165445.1542,205.1519912,297.8012775
Lebanon,Lower middle income,Eastern Mediterranean,5489739,14.948,82060.61857,101.755167,96.83152991
Lesotho,Lower middle income,Africa,2305825,26.107,60198.17328,74.64573486,78.85960699
Mauritania,Lower middle income,Africa,4736139,33.194,157211.398,194.9421335,205.9469313
"Micronesia, Fed. Sts.",Lower middle income,Western Pacific,114164,20.777,2371.985428,2.941261931,2.039907468
Mongolia,Lower middle income,Western Pacific,3398366,21.413,72769.21116,90.23382184,62.5815216
Morocco,Lower middle income,Eastern Mediterranean,37457971,17.545,657200.1012,814.9281255,775.4961194
Myanmar,Lower middle income,South-East Asia,54179306,17.103,926628.6705,1149.019551,1667.931607
Nepal,Lower middle income,South-East Asia,30547580,20.402,623231.7272,772.8073417,1121.817109
Nicaragua,Lower middle income,Americas,6948392,20.507,142490.6747,176.6884367,162.4393692
Nigeria,Lower middle income,Africa,218541212,37.117,8111594.166,10058.37677,10626.18836
Pakistan,Lower middle income,Eastern Mediterranean,235824862,27.519,6489664.377,8047.183828,7657.803965
Papua New Guinea,Lower middle income,Western Pacific,10142619,25.514,258778.7812,320.8856886,222.5497518
Philippines,Lower middle income,Western Pacific,115559009,21.813,2520688.663,3125.653943,2167.79225
Samoa,Lower middle income,Western Pacific,222382,27.254,6060.799028,7.515390795,5.212287164
Sao Tome and Principe,Lower middle income,Africa,227380,28.263,6426.44094,7.968786766,8.418637631
Senegal,Lower middle income,Africa,17316449,32.573,564048.6933,699.4203797,738.9037882
Solomon Islands,Lower middle income,Western Pacific,724273,29.785,21572.47131,26.74986442,18.55232532
Sri Lanka,Lower middle income,South-East Asia,22181000,14.019,310955.439,385.5847444,559.7197902
Tajikistan,Lower middle income,Eastern Mediterranean,9952787,26.749,266227.0995,330.1216033,314.1479774
Tanzania,Lower middle income,Africa,65497748,36.21,2371673.455,2940.875084,3106.892226
Timor-Leste,Lower middle income,South-East Asia,1341296,24.944,33457.28742,41.48703641,60.22311736
Tunisia,Lower middle income,Eastern Mediterranean,12356117,16.093,198846.9909,246.5702687,234.6394492
Ukraine,Lower middle income,Europe,38000000,7.3,277400,343.976,307.914
Uzbekistan,Lower middle income,Europe,35648100,25.9,923285.79,1144.87438,1024.847227
Vanuatu,Lower middle income,Western Pacific,326740,29.438,9618.57212,11.92702943,8.271972023
Vietnam,Lower middle income,Western Pacific,98186856,15.008,1473588.335,1827.249535,1267.285968
West Bank and Gaza,Lower middle income,Eastern Mediterranean,5043612,28.236,142411.4284,176.5901713,168.0454855
Zimbabwe,Lower middle income,Africa,16320537,30.537,498380.2384,617.9914956,652.8781123
Albania,Upper middle income,Europe,2777689,10.24,28443.53536,35.26998385,31.57232425
Argentina,Upper middle income,Americas,46234830,13.902,642756.6067,797.0181923,732.7425316
Armenia,Upper middle income,Europe,2780469,12.049,33501.87098,41.54232002,37.18707679
Azerbaijan,Upper middle income,Europe,10141756,11.1,112573.4916,139.5911296,124.9565757
Belarus,Upper middle income,Europe,9228071,9.283,85664.18309,106.223587,95.08724323
Belize,Upper middle income,Americas,405272,17.976,7285.169472,9.033610145,8.305093198
Bosnia and Herzegovina,Upper middle income,Europe,3233526,8.42,27226.28892,33.76059826,30.2211807
Botswana,Upper middle income,Africa,2630296,23.576,62011.8585,76.89470454,81.23553463
Brazil,Upper middle income,Americas,215313498,12.883,2773883.795,3439.615905,3162.227526
Bulgaria,Upper middle income,Europe,6465097,8.5,54953.3245,68.14212238,60.9981902
China,Upper middle income,Western Pacific,1412175000,7.52,10619556,13168.24944,9132.81816
Colombia,Upper middle income,Americas,51874024,14.204,736818.6369,913.6551098,839.9732461
Costa Rica,Upper middle income,Americas,5180829,11.873,61511.98272,76.27485857,70.1236603
Cuba,Upper middle income,Americas,11212191,8.922,100035.1681,124.0436084,114.0400916
Dominican Republic,Upper middle income,Americas,11228821,18.432,206969.6287,256.6423396,235.9453767
Ecuador,Upper middle income,Americas,18001000,16.817,302722.817,375.3762931,345.1040114
Equatorial Guinea,Upper middle income,Africa,1674908,30.498,51081.34418,63.34086679,66.91656088
Fiji,Upper middle income,Western Pacific,929766,19.345,17986.32327,22.30304085,15.46823801
Gabon,Upper middle income,Africa,2388992,27.142,64842.02086,80.40410587,84.94304733
Georgia,Upper middle income,Europe,3712502,13.412,49792.07682,61.74217526,55.26920527
Grenada,Upper middle income,Americas,125438,15.961,2002.115918,2.482623738,2.282412147
Guatemala,Upper middle income,Americas,17357886,21.12,366598.5523,454.5822049,417.9223496
Guyana,Upper middle income,Americas,808726,20.298,16415.52035,20.35524523,18.7136932
Iraq,Upper middle income,Eastern Mediterranean,44496122,27.367,1217725.371,1509.97946,1436.915938
Jamaica,Upper middle income,Americas,2827377,11.712,33114.23942,41.06165689,37.75023294
Jordan,Upper middle income,Eastern Mediterranean,11285869,21.95,247724.8246,307.1787824,292.315293
Kazakhstan,Upper middle income,Europe,19621972,23.5,461116.342,571.7842641,511.8391396
Kosovo,Upper middle income,Europe,1761985,11.143,19633.79886,24.34591058,21.79351673
Libya,Upper middle income,Eastern Mediterranean,6812341,17.828,121450.4153,150.598515,143.3114901
Malaysia,Upper middle income,Western Pacific,33938221,15.24,517218.488,641.3509252,444.8078997
Maldives,Upper middle income,South-East Asia,523787,14.088,7379.111256,9.150097957,13.28240026
Mauritius,Upper middle income,Africa,1262523,10.3,13003.9869,16.12494376,17.03522284
Mexico,Upper middle income,Americas,127504125,14.857,1894328.785,2348.967694,2159.534815
Moldova,Upper middle income,Europe,2538894,12.432,31563.53021,39.13877746,35.03551853
Montenegro,Upper middle income,Europe,617213,11.4,7036.2282,8.724922968,7.810213302
Namibia,Upper middle income,Africa,2567012,27.439,70436.24227,87.34094041,92.27147737
North Macedonia,Upper middle income,Europe,2057679,10.2,20988.3258,26.02552399,23.29704164
Palau,Upper middle income,Western Pacific,18055,13.4,241.937,0.30000188,0.20806582
Paraguay,Upper middle income,Americas,6780744,20.627,139866.4065,173.434344,159.4477034
Peru,Upper middle income,Americas,34049588,17.622,600021.8397,744.0270813,684.0248973
Russian Federation,Upper middle income,Europe,144236933,9.6,1384674.557,1716.99645,1536.988758
Serbia,Upper middle income,Europe,6664449,9.1,60646.4859,75.20164252,67.31759935
South Africa,Upper middle income,Africa,59893885,19.821,1187156.695,1472.074301,1555.17527
St. Lucia,Upper middle income,South-East Asia,179857,11.49,2066.55693,2.562530593,3.719802474
St. Vincent and the Grenadines,Upper middle income,South-East Asia,103948,12.901,1341.033148,1.662881104,2.413859666
Suriname,Upper middle income,Americas,618040,18.154,11219.89816,13.91267372,12.7906839
Thailand,Upper middle income,South-East Asia,71697030,8.999,645201.573,800.0499505,1161.362831
Tonga,Upper middle income,Western Pacific,106858,23.045,2462.54261,3.053552836,2.117786645
Turkiye,Upper middle income,Europe,84979913,14.678,1247335.163,1546.695602,1384.542031
Turkmenistan,Upper middle income,Europe,6430770,21.592,138853.1858,172.1779504,154.1270363
"Venezuela, RB",Upper middle income,Americas,28301696,15.877,449346.0274,557.189074,512.2544712
Andorra,High income,Europe,79824,7.2,574.7328,0.712668672,0.637953408
Antigua and Barbuda,High income,Americas,93763,12.115,1135.938745,1.408564044,1.294970169
Aruba,High income,Americas,106445,7.193,765.658885,0.949417017,0.872851129
Australia,High income,Western Pacific,26005540,12.1,314667.034,390.1871222,270.6136492
Austria,High income,Europe,9041851,9.6,86801.7696,107.6341943,96.34996426
"Bahamas, The",High income,Americas,409984,11.445,4692.26688,5.818410931,5.349184243
Bahrain,High income,Eastern Mediterranean,1472233,11.926,17557.85076,21.77173494,20.71826389
Barbados,High income,Americas,281635,10.832,3050.67032,3.782831197,3.477764165
Belgium,High income,Europe,11685814,10.2,119195.3028,147.8021755,132.3067861
Bermuda,High income,Americas,63532,7.7,489.1964,0.606603536,0.557683896
Brunei Darussalam,High income,Western Pacific,449002,13.8,6196.2276,7.683322224,5.328755736
Canada,High income,Americas,38929902,9.6,373727.0592,463.4215534,426.0488475
Cayman Islands,High income,Americas,68706,12.4,851.9544,1.056423456,0.971228016
Channel Islands,High income,Europe,174079,10.11680362,1761.123058,2.183792592,1.954846594
Chile,High income,Americas,19603733,11.788,231088.8046,286.5501177,263.4412372
Croatia,High income,Europe,3855600,9.4,36242.64,44.9408736,40.2293304
Curacao,High income,Americas,149996,8.6,1289.9656,1.599557344,1.470560784
Cyprus,High income,Europe,1251488,10.313,12906.59574,16.00417872,14.32632128
Czechia,High income,Europe,10672118,10.6,113124.4508,140.274319,125.5681404
Denmark,High income,Europe,5903037,10.8,63752.7996,79.0534715,70.76560756
Estonia,High income,Europe,1348840,10,13488.4,16.725616,14.972124
Faroe Islands,High income,Europe,53090,12.8,679.552,0.84264448,0.75430272
Finland,High income,Europe,5556106,9,50004.954,62.00614296,55.50549894
France,High income,Europe,67971311,10.9,740887.2899,918.7002395,822.3848918
French Polynesia,High income,Western Pacific,306279,12.759,3907.813761,4.845689064,3.360719834
Germany,High income,Europe,83797985,9.6,804460.656,997.5312134,892.9513282
Greece,High income,Europe,10426919,8,83415.352,103.4350365,92.59104072
Greenland,High income,Americas,56661,13.4,759.2574,0.941479176,0.865553436
Guam,High income,Western Pacific,171774,16.376,2812.971024,3.48808407,2.419155081
"Hong Kong SAR, China",High income,Americas,7346100,5,36730.5,45.54582,41.87277
Hungary,High income,Europe,9643048,9.7,93537.5656,115.9865813,103.8266978
Iceland,High income,Europe,382003,13.1,5004.2393,6.205256732,5.554705623
Ireland,High income,Europe,5127170,11.6,59475.172,73.74921328,66.01744092
Israel,High income,Europe,9557500,19.7,188282.75,233.47061,208.9938525
Italy,High income,Europe,58940425,6.8,400794.89,496.9856636,444.8823279
Japan,High income,Western Pacific,125124989,6.6,825824.9274,1024.02291,710.2094376
"Korea, Rep.",High income,Western Pacific,51628117,5.1,263303.3967,326.4962119,226.4409212
Kuwait,High income,Eastern Mediterranean,4268873,10.41,44438.96793,55.10432023,52.43798216
Latvia,High income,Europe,1879383,9.2,17290.3236,21.44000126,19.1922592
Liechtenstein,High income,Europe,39327,9.6,377.5392,0.468148608,0.419068512
Lithuania,High income,Europe,2831639,8.3,23502.6037,29.14322859,26.08789011
Luxembourg,High income,Europe,653103,10.5,6857.5815,8.50340106,7.611915465
"Macao SAR, China",High income,Europe,695168,10.114,7030.929152,8.718352148,7.804331359
Malta,High income,Europe,531113,8.5,4514.4605,5.59793102,5.011051155
Monaco,High income,Europe,36469,5.9,215.1671,0.266807204,0.238835481
Netherlands,High income,Europe,17700982,10.2,180550.0164,223.8820203,200.4105182
New Caledonia,High income,Western Pacific,269220,14.3,3849.846,4.77380904,3.31086756
New Zealand,High income,Western Pacific,5124100,11.48,58824.668,72.94258832,50.58921448
Norway,High income,Europe,5457127,10.4,56754.1208,70.37510979,62.99707409
Oman,High income,Eastern Mediterranean,4576298,18.419,84290.83286,104.5206327,99.46318278
Panama,High income,Americas,4408581,17.692,77996.61505,96.71580266,88.91614116
Poland,High income,Europe,36821749,8.8,324031.3912,401.7989251,359.6748442
Portugal,High income,Europe,10409704,7.7,80154.7208,99.39185379,88.97174009
Puerto Rico,High income,Americas,3221789,5.9,19008.5551,23.57060832,21.66975281
Qatar,High income,Eastern Mediterranean,2695122,9.816,26455.31755,32.80459376,31.21727471
Romania,High income,Europe,19047009,9.3,177137.1837,219.6501078,196.6222739
San Marino,High income,Europe,33660,6.2,208.692,0.25877808,0.23164812
Saudi Arabia,High income,Eastern Mediterranean,36408820,17.473,636171.3119,788.8524267,750.682148
Seychelles,High income,Africa,119878,16.8,2013.9504,2.497298496,2.638275024
Singapore,High income,Western Pacific,5637022,8.6,48478.3892,60.11320261,41.69141471
Slovak Republic,High income,Europe,5431752,10.4,56490.2208,70.04787379,62.70414509
Slovenia,High income,Europe,2111986,9,19007.874,23.56976376,21.09874014
Spain,High income,Europe,47778340,7.1,339226.214,420.6405054,376.5410975
St. Martin (French part),High income,South-East Asia,31791,15.053,478.549923,0.593401905,0.861389861
Sweden,High income,Europe,10486941,11,115356.351,143.0418752,128.0455496
Switzerland,High income,Europe,8775760,10.3,90390.328,112.0840067,100.3332641
Trinidad and Tobago,High income,Americas,1531044,11.687,17893.31123,22.18770592,20.3983748
United Arab Emirates,High income,Eastern Mediterranean,9441129,10.307,97309.7166,120.6640486,114.8254656
United Kingdom,High income,Europe,66971395,10.1,676411.0895,838.749751,750.8163093
United States,High income,Americas,333287557,11,3666163.127,4546.042277,4179.425965
Uruguay,High income,Americas,3422794,10.473,35846.92156,44.45018274,40.86549058
Virgin Islands (U.S.),High income,Western Pacific,105413,11.8,1243.8734,1.542403016,1.069731124
